FACT_DATE,VOLUME,N_CALLS,TYPE
01/08/2019,116483464.7,6,Change of Positions
01/08/2019,190054045.5,6,Market Movement
02/08/2019,437443724.1,11,Change of Positions
02/08/2019,760240989.3,20,Market Movement
05/08/2019,110580486.5,5,Change of Positions
05/08/2019,415072974.4,12,Market Movement
06/08/2019,80860848.24,5,Change of Positions
06/08/2019,168770313.8,7,Market Movement
07/08/2019,165434648.2,6,Change of Positions
07/08/2019,604701608.5,21,Market Movement
08/08/2019,356104484.9,4,Change of Positions
08/08/2019,1301616830,31,Market Movement
09/08/2019,82008930.17,3,Change of Positions
09/08/2019,398636520.8,8,Market Movement
12/08/2019,125488065.5,5,Change of Positions
12/08/2019,191567641.5,7,Market Movement
13/08/2019,57783104.62,2,Change of Positions
13/08/2019,383497148.5,10,Market Movement
14/08/2019,54854129.42,2,Change of Positions
14/08/2019,544747188.7,17,Market Movement
15/08/2019,176251121.1,7,Change of Positions
15/08/2019,455349775.8,15,Market Movement
16/08/2019,166905561.6,5,Change of Positions
16/08/2019,510051141.1,9,Market Movement
19/08/2019,171124921.2,2,Change of Positions
19/08/2019,1047728578,26,Market Movement
20/08/2019,49371253.16,2,Change of Positions
20/08/2019,406561239.8,12,Market Movement
21/08/2019,243000000,2,Change of Positions
21/08/2019,424561239.2,13,Market Movement
22/08/2019,26827393.31,2,Change of Positions
22/08/2019,371466985.1,13,Market Movement
23/08/2019,42371893.36,3,Change of Positions
23/08/2019,319942411.3,15,Market Movement
26/08/2019,159383941.3,6,Change of Positions
26/08/2019,14500000,1,Market Movement
27/08/2019,65356628.24,4,Change of Positions
27/08/2019,162186599.4,6,Market Movement
28/08/2019,128685825.1,5,Change of Positions
28/08/2019,160957321.6,6,Market Movement
29/08/2019,112450144.5,4,Change of Positions
29/08/2019,560706009.9,11,Market Movement
30/08/2019,146542950.3,5,Change of Positions
30/08/2019,56000000,3,Market Movement
02/09/2019,97500000,5,Change of Positions
02/09/2019,58500000,2,Market Movement
03/09/2019,120691231.6,3,Change of Positions
03/09/2019,147415059,4,Market Movement
04/09/2019,95250089.29,5,Change of Positions
04/09/2019,1148244621,26,Market Movement
05/09/2019,230814975.6,8,Change of Positions
05/09/2019,983609661.4,24,Market Movement
06/09/2019,76509839.48,4,Change of Positions
06/09/2019,136590241.6,5,Market Movement
09/09/2019,19579318.18,2,Change of Positions
09/09/2019,319375172.2,9,Market Movement
10/09/2019,126489130.4,4,Change of Positions
10/09/2019,64543478.26,2,Market Movement
11/09/2019,204905575.4,6,Change of Positions
11/09/2019,343939425.6,7,Market Movement
12/09/2019,179233011,7,Change of Positions
12/09/2019,554091079.1,17,Market Movement
13/09/2019,408449891.9,6,Change of Positions
13/09/2019,1474325300,35,Market Movement
16/09/2019,94256867.01,4,Change of Positions
16/09/2019,130233024.9,4,Market Movement
17/09/2019,341125249.4,10,Change of Positions
17/09/2019,0,0,Market Movement
18/09/2019,191373239.7,5,Change of Positions
18/09/2019,154621705.3,6,Market Movement
19/09/2019,269335185.7,10,Change of Positions
19/09/2019,304956266.4,5,Market Movement
20/09/2019,445922937.4,11,Change of Positions
20/09/2019,72000000,2,Market Movement
23/09/2019,104403533.5,6,Change of Positions
23/09/2019,882700413.9,22,Market Movement
24/09/2019,129500000,5,Change of Positions
25/09/2019,559902724.7,14,Change of Positions
25/09/2019,66500000,3,Market Movement
26/09/2019,273169318,7,Change of Positions
26/09/2019,33356098.01,3,Market Movement
27/09/2019,256211705.5,11,Change of Positions
27/09/2019,51000000,2,Market Movement
30/09/2019,106846634.2,6,Change of Positions
01/10/2019,113011194.7,6,Change of Positions
01/10/2019,275393191.4,8,Market Movement
02/10/2019,156618807,8,Change of Positions
02/10/2019,558701373,11,Market Movement
03/10/2019,51481599.85,3,Change of Positions
03/10/2019,301476678.1,9,Market Movement
04/10/2019,124168913.4,5,Change of Positions
07/10/2019,62196579.64,3,Change of Positions
07/10/2019,272360138.3,3,Market Movement
08/10/2019,141249863.5,6,Change of Positions
08/10/2019,107781722.2,4,Market Movement
09/10/2019,137659958.1,6,Change of Positions
09/10/2019,215212048.1,5,Market Movement
10/10/2019,290837740.5,4,Change of Positions
10/10/2019,614649123.4,14,Market Movement
11/10/2019,375174816.6,12,Change of Positions
11/10/2019,1072003738,22,Market Movement
14/10/2019,86836474.55,3,Change of Positions
14/10/2019,85500000,3,Market Movement
15/10/2019,385370854.9,8,Change of Positions
15/10/2019,520453302.4,8,Market Movement
16/10/2019,193500000,5,Change of Positions
16/10/2019,32000000,2,Market Movement
17/10/2019,182993881,9,Change of Positions
17/10/2019,228000000,5,Market Movement
18/10/2019,399646082.5,13,Change of Positions
18/10/2019,189122316.2,5,Market Movement
21/10/2019,401752215.2,11,Change of Positions
21/10/2019,372675391.4,10,Market Movement
22/10/2019,133469451.9,6,Change of Positions
22/10/2019,114551784.8,3,Market Movement
23/10/2019,51500000,2,Change of Positions
23/10/2019,189106053.5,5,Market Movement
24/10/2019,53000000,3,Change of Positions
24/10/2019,103334291.9,4,Market Movement
25/10/2019,84903664.36,5,Change of Positions
25/10/2019,25000000,1,Market Movement
28/10/2019,257000000,4,Change of Positions
28/10/2019,192695814.9,5,Market Movement
29/10/2019,97000000,4,Change of Positions
29/10/2019,58000000,2,Market Movement
30/10/2019,178867188.9,7,Change of Positions
31/10/2019,53844629.73,4,Change of Positions
31/10/2019,315056538,9,Market Movement
01/11/2019,254659439.8,8,Change of Positions
01/11/2019,33506059.79,2,Market Movement
04/11/2019,343794636.6,7,Change of Positions
04/11/2019,552500000,11,Market Movement
05/11/2019,590121352.4,6,Change of Positions
05/11/2019,47000000,2,Market Movement
06/11/2019,573838142.5,7,Change of Positions
07/11/2019,73326258.79,5,Change of Positions
07/11/2019,875032499.8,12,Market Movement
08/11/2019,144884634.4,7,Change of Positions
08/11/2019,64501903.21,2,Market Movement
11/11/2019,26500000,2,Change of Positions
11/11/2019,18500000,1,Market Movement
12/11/2019,77418293.24,2,Change of Positions
13/11/2019,706790114.5,14,Change of Positions
13/11/2019,260444186.4,8,Market Movement
14/11/2019,342715422.4,8,Change of Positions
14/11/2019,130092998.4,3,Market Movement
15/11/2019,553000000,8,Change of Positions
15/11/2019,124000000,2,Market Movement
18/11/2019,313388527.3,5,Change of Positions
19/11/2019,88478649.45,2,Change of Positions
19/11/2019,242500000,4,Market Movement
20/11/2019,181000000,6,Change of Positions
20/11/2019,133500000,3,Market Movement
21/11/2019,180009463.1,5,Change of Positions
21/11/2019,55450365.16,2,Market Movement
22/11/2019,132500000,6,Change of Positions
22/11/2019,153860058.2,5,Market Movement
25/11/2019,50000000,1,Change of Positions
25/11/2019,20000000,1,Market Movement
26/11/2019,70000000,2,Change of Positions
27/11/2019,287333908.6,5,Change of Positions
27/11/2019,20500000,1,Market Movement
28/11/2019,17000000,1,Change of Positions
29/11/2019,229211619,8,Change of Positions
29/11/2019,103915042.8,3,Market Movement
02/12/2019,586540642.3,13,Change of Positions
02/12/2019,938473691.4,22,Market Movement
03/12/2019,153161954.7,7,Change of Positions
03/12/2019,721751250.6,17,Market Movement
04/12/2019,193243702.1,3,Change of Positions
04/12/2019,599960472.6,8,Market Movement
05/12/2019,68724986.48,4,Change of Positions
05/12/2019,55816657.65,3,Market Movement
06/12/2019,43520822.07,3,Change of Positions
06/12/2019,291820954.9,6,Market Movement
09/12/2019,37500000,1,Market Movement
10/12/2019,206965017.6,7,Change of Positions
10/12/2019,174000000,7,Market Movement
11/12/2019,160830699.8,6,Change of Positions
11/12/2019,121786681.7,4,Market Movement
12/12/2019,246000000,5,Change of Positions
12/12/2019,212397249.4,10,Market Movement
13/12/2019,682291748.7,13,Change of Positions
13/12/2019,674350749.3,11,Market Movement
16/12/2019,677572492.4,7,Change of Positions
16/12/2019,390252108.4,6,Market Movement
17/12/2019,188126142.3,10,Change of Positions
17/12/2019,85000000,4,Market Movement
18/12/2019,393794646.9,6,Change of Positions
18/12/2019,63427800.27,3,Market Movement
19/12/2019,394431051.5,11,Change of Positions
19/12/2019,48000000,3,Market Movement
20/12/2019,490319455.7,8,Change of Positions
23/12/2019,108000000,2,Change of Positions
23/12/2019,79189616.25,2,Market Movement
24/12/2019,34500000,1,Change of Positions
30/12/2019,397515995.3,20,Market Movement
02/01/2020,579704458.1,8,Change of Positions
02/01/2020,1041783525,18,Market Movement
03/01/2020,89713779.49,7,Change of Positions
03/01/2020,504214022.1,13,Market Movement
06/01/2020,114560032.2,6,Change of Positions
06/01/2020,235285714.3,8,Market Movement
07/01/2020,257793591.1,13,Change of Positions
07/01/2020,147000000,4,Market Movement
08/01/2020,233897885.7,7,Change of Positions
08/01/2020,81500000,3,Market Movement
09/01/2020,96202070.21,5,Change of Positions
09/01/2020,271526152.1,8,Market Movement
10/01/2020,134737084.1,5,Change of Positions
13/01/2020,72668703.94,3,Change of Positions
13/01/2020,209096440.8,7,Market Movement
14/01/2020,179436844.1,7,Change of Positions
14/01/2020,38500000,1,Market Movement
15/01/2020,127351642.4,5,Change of Positions
15/01/2020,156417050.4,6,Market Movement
16/01/2020,304461232,5,Change of Positions
17/01/2020,171104789.3,8,Change of Positions
17/01/2020,87978651.52,5,Market Movement
20/01/2020,68500000,5,Change of Positions
21/01/2020,61746063.88,4,Change of Positions
21/01/2020,253239541.2,6,Market Movement
22/01/2020,112000000,2,Change of Positions
22/01/2020,31000000,2,Market Movement
23/01/2020,130000000,4,Change of Positions
23/01/2020,276474168.2,9,Market Movement
24/01/2020,229342093.3,11,Change of Positions
24/01/2020,888500000,11,Market Movement
27/01/2020,131101717.8,8,Change of Positions
27/01/2020,1648082411,35,Market Movement
28/01/2020,76221490.23,5,Change of Positions
28/01/2020,383516848.3,13,Market Movement
29/01/2020,67000000,2,Change of Positions
29/01/2020,69500000,2,Market Movement
30/01/2020,200593707.5,4,Change of Positions
30/01/2020,307000000,8,Market Movement
31/01/2020,221630112.2,6,Change of Positions
31/01/2020,138292616.7,4,Market Movement
03/02/2020,72628411.35,5,Change of Positions
03/02/2020,16000000,1,Market Movement
04/02/2020,85745112.24,5,Change of Positions
04/02/2020,857836712.5,15,Market Movement
05/02/2020,54777329.22,3,Change of Positions
05/02/2020,1154725658,27,Market Movement
06/02/2020,50500000,3,Change of Positions
06/02/2020,151406116.5,4,Market Movement
07/02/2020,55500000,3,Change of Positions
07/02/2020,134000000,4,Market Movement
10/02/2020,25500000,2,Change of Positions
11/02/2020,65049490.87,5,Change of Positions
11/02/2020,516812177.7,8,Market Movement
12/02/2020,204000000,9,Change of Positions
12/02/2020,189821229.5,7,Market Movement
13/02/2020,241500000,7,Change of Positions
13/02/2020,371422931.8,6,Market Movement
14/02/2020,92000000,3,Change of Positions
17/02/2020,31000000,2,Change of Positions
17/02/2020,13000000,1,Market Movement
18/02/2020,81151627.22,4,Change of Positions
18/02/2020,118000000,2,Market Movement
19/02/2020,123185185.2,8,Change of Positions
19/02/2020,115925925.9,5,Market Movement
20/02/2020,175786376.3,5,Change of Positions
20/02/2020,115500000,3,Market Movement
21/02/2020,657455372.7,14,Change of Positions
21/02/2020,452458892.7,8,Market Movement
24/02/2020,625611965.7,21,Change of Positions
24/02/2020,1658748276,23,Market Movement
25/02/2020,517699262,16,Change of Positions
25/02/2020,374387453.9,7,Market Movement
26/02/2020,333178160.9,11,Change of Positions
26/02/2020,804644778.9,17,Market Movement
27/02/2020,697645860.9,21,Change of Positions
27/02/2020,1806361547,33,Market Movement
28/02/2020,378337751.7,13,Change of Positions
28/02/2020,3210502617,38,Market Movement
02/03/2020,572536324.4,13,Change of Positions
02/03/2020,1014253665,21,Market Movement
03/03/2020,289548683.2,12,Change of Positions
03/03/2020,946150958.5,25,Market Movement
04/03/2020,269363302.8,13,Change of Positions
04/03/2020,355484053.1,11,Market Movement
05/03/2020,500399105.9,12,Change of Positions
05/03/2020,598601680.5,11,Market Movement
06/03/2020,490534580.1,13,Change of Positions
06/03/2020,2377500000,37,Market Movement
09/03/2020,674802374.3,13,Change of Positions
09/03/2020,6766767031,72,Market Movement
10/03/2020,779313871.8,15,Change of Positions
10/03/2020,2649225229,48,Market Movement
11/03/2020,1477435780,20,Change of Positions
11/03/2020,1151887933,23,Market Movement
12/03/2020,1360686833,11,Change of Positions
12/03/2020,10667015314,83,Market Movement
13/03/2020,2243076369,22,Change of Positions
13/03/2020,5427711470,61,Market Movement
16/03/2020,977771354.3,11,Change of Positions
16/03/2020,8711008488,57,Market Movement
17/03/2020,1175271899,16,Change of Positions
17/03/2020,2650147150,27,Market Movement
18/03/2020,324292665.1,5,Change of Positions
18/03/2020,7080024282,68,Market Movement
19/03/2020,192574761.6,5,Change of Positions
19/03/2020,2644475395,44,Market Movement
20/03/2020,804944148.7,13,Change of Positions
20/03/2020,2857198563,44,Market Movement
23/03/2020,607689234.2,13,Change of Positions
23/03/2020,1200640035,14,Market Movement
24/03/2020,275891589,9,Change of Positions
24/03/2020,2902663314,41,Market Movement
25/03/2020,1002910409,10,Change of Positions
25/03/2020,2502605363,22,Market Movement
26/03/2020,1157499499,14,Change of Positions
26/03/2020,1131581231,20,Market Movement
27/03/2020,683479138.2,11,Change of Positions
27/03/2020,2639084913,30,Market Movement
30/03/2020,902070328.1,9,Change of Positions
30/03/2020,835936287.8,15,Market Movement
31/03/2020,423889010.6,6,Change of Positions
31/03/2020,1226469790,20,Market Movement
01/04/2020,458555596.2,7,Change of Positions
01/04/2020,2230112407,16,Market Movement
02/04/2020,359758573.3,7,Change of Positions
02/04/2020,57853831.19,5,Market Movement
03/04/2020,69052155.77,2,Change of Positions
06/04/2020,46000000,2,Change of Positions
06/04/2020,2707217635,25,Market Movement
07/04/2020,437104731.3,6,Change of Positions
07/04/2020,2405318735,30,Market Movement
08/04/2020,941010895.3,17,Change of Positions
08/04/2020,111000000,2,Market Movement
09/04/2020,1061768979,12,Change of Positions
09/04/2020,533615487.3,11,Market Movement
14/04/2020,531377041,12,Change of Positions
14/04/2020,660138009.7,12,Market Movement
15/04/2020,617139869.8,11,Change of Positions
15/04/2020,955871778.4,14,Market Movement
16/04/2020,262402041.2,9,Change of Positions
16/04/2020,258500000,6,Market Movement
17/04/2020,759442296.3,16,Change of Positions
17/04/2020,1705056329,19,Market Movement
20/04/2020,455390716.2,9,Change of Positions
20/04/2020,160520271,3,Market Movement
21/04/2020,227519332.3,6,Change of Positions
21/04/2020,497727738.3,8,Market Movement
22/04/2020,199323102.9,11,Change of Positions
22/04/2020,472596484.8,10,Market Movement
23/04/2020,522235990.9,11,Change of Positions
23/04/2020,42000000,2,Market Movement
24/04/2020,425407407.4,7,Change of Positions
24/04/2020,202796296.3,5,Market Movement
27/04/2020,584665868,10,Change of Positions
27/04/2020,758180970,11,Market Movement
28/04/2020,181330881.7,7,Change of Positions
28/04/2020,708500000,14,Market Movement
29/04/2020,281460804.8,9,Change of Positions
29/04/2020,1047377421,11,Market Movement
30/04/2020,548631114.4,15,Change of Positions
30/04/2020,762518573,12,Market Movement
04/05/2020,115197324.1,5,Change of Positions
04/05/2020,1173506996,10,Market Movement
05/05/2020,314062833.8,8,Change of Positions
05/05/2020,1571489181,17,Market Movement
06/05/2020,410724461.3,7,Change of Positions
06/05/2020,187937911,5,Market Movement
07/05/2020,176656635.4,7,Change of Positions
07/05/2020,234189789.5,4,Market Movement
08/05/2020,62556349.72,4,Change of Positions
08/05/2020,19828460.76,1,Market Movement
11/05/2020,326755358.5,5,Change of Positions
11/05/2020,116383961.6,4,Market Movement
12/05/2020,290994474.1,9,Change of Positions
13/05/2020,79948275.86,5,Change of Positions
13/05/2020,420132183.9,5,Market Movement
14/05/2020,485346553,8,Change of Positions
14/05/2020,443973313.6,4,Market Movement
15/05/2020,251270235.2,9,Change of Positions
15/05/2020,67731006.43,3,Market Movement
18/05/2020,303158788.8,9,Change of Positions
18/05/2020,3300534315,35,Market Movement
19/05/2020,260070776.3,7,Change of Positions
19/05/2020,168500000,5,Market Movement
20/05/2020,178287461.2,6,Change of Positions
20/05/2020,10647350.33,1,Market Movement
21/05/2020,60181818.18,4,Change of Positions
22/05/2020,173940205.4,4,Change of Positions
22/05/2020,17500000,1,Market Movement
25/05/2020,96626781.16,3,Change of Positions
25/05/2020,171500000,4,Market Movement
26/05/2020,106500000,5,Change of Positions
26/05/2020,449629090.9,11,Market Movement
27/05/2020,637786780.1,16,Change of Positions
27/05/2020,369557365.1,9,Market Movement
28/05/2020,348446986.2,9,Change of Positions
28/05/2020,314168482.2,6,Market Movement
29/05/2020,199471264.4,7,Change of Positions
29/05/2020,84908764.37,3,Market Movement
01/06/2020,88000000,3,Change of Positions
01/06/2020,463858762.1,11,Market Movement
02/06/2020,385074190.1,12,Change of Positions
02/06/2020,246239216,11,Market Movement
03/06/2020,1325234769,23,Change of Positions
03/06/2020,1477695669,28,Market Movement
04/06/2020,522055555.6,10,Change of Positions
04/06/2020,143833333.3,4,Market Movement
05/06/2020,449172109.4,12,Change of Positions
05/06/2020,1155682497,20,Market Movement
08/06/2020,388738812.6,11,Change of Positions
08/06/2020,109801506.4,5,Market Movement
09/06/2020,178683401.9,6,Change of Positions
09/06/2020,29713556.17,2,Market Movement
10/06/2020,531923076.9,8,Change of Positions
10/06/2020,95879120.88,2,Market Movement
11/06/2020,334018857.9,14,Change of Positions
11/06/2020,1576312997,26,Market Movement
12/06/2020,437002477,12,Change of Positions
12/06/2020,103000000,2,Market Movement
15/06/2020,1279491514,15,Change of Positions
15/06/2020,380410431.7,4,Market Movement
16/06/2020,904850356.5,18,Change of Positions
16/06/2020,1971315116,20,Market Movement
17/06/2020,417374643.9,12,Change of Positions
17/06/2020,96500000,2,Market Movement
18/06/2020,651648814.8,13,Change of Positions
18/06/2020,26485474.96,2,Market Movement
19/06/2020,418375375.4,8,Change of Positions
19/06/2020,546000000,3,Market Movement
22/06/2020,309355078.9,9,Change of Positions
22/06/2020,30000000,2,Market Movement
23/06/2020,440545149.3,10,Change of Positions
23/06/2020,784569087.6,9,Market Movement
24/06/2020,298347408.3,9,Change of Positions
24/06/2020,379502752.8,7,Market Movement
25/06/2020,655821428.6,19,Change of Positions
25/06/2020,67000000,3,Market Movement
26/06/2020,228220503,8,Change of Positions
26/06/2020,109926246.3,5,Market Movement
29/06/2020,230481744.1,8,Change of Positions
29/06/2020,543429634.9,4,Market Movement
30/06/2020,308984461.5,7,Change of Positions
30/06/2020,30520807.29,2,Market Movement
01/07/2020,434089285.7,4,Change of Positions
01/07/2020,410392556.9,13,Market Movement
02/07/2020,297431773.9,10,Change of Positions
02/07/2020,1260026220,19,Market Movement
03/07/2020,85027797.58,3,Change of Positions
06/07/2020,90013813.19,3,Change of Positions
06/07/2020,1455604304,12,Market Movement
07/07/2020,34000000,2,Change of Positions
08/07/2020,74675613,4,Change of Positions
08/07/2020,57500000,3,Market Movement
09/07/2020,123450361.5,2,Change of Positions
10/07/2020,183514189.4,9,Change of Positions
10/07/2020,66794117.65,3,Market Movement
13/07/2020,130455688.9,7,Change of Positions
13/07/2020,874199696.3,15,Market Movement
14/07/2020,45527472.53,3,Change of Positions
14/07/2020,323120879.1,7,Market Movement
15/07/2020,218943900.7,5,Change of Positions
15/07/2020,1278976407,17,Market Movement
16/07/2020,140625109.5,6,Change of Positions
16/07/2020,12000000,1,Market Movement
17/07/2020,438948547.4,6,Change of Positions
17/07/2020,16500000,1,Market Movement
20/07/2020,159211390.6,6,Change of Positions
20/07/2020,11000000,1,Market Movement
21/07/2020,147000000,5,Change of Positions
21/07/2020,682500000,7,Market Movement
22/07/2020,72934185.52,5,Change of Positions
22/07/2020,22126564.67,2,Market Movement
23/07/2020,130439536.7,5,Change of Positions
23/07/2020,38500000,2,Market Movement
24/07/2020,37000000,2,Change of Positions
24/07/2020,132991313.1,7,Market Movement
27/07/2020,348482993.2,8,Change of Positions
27/07/2020,42129251.7,3,Market Movement
28/07/2020,46896901.94,4,Change of Positions
28/07/2020,18000000,1,Market Movement
29/07/2020,150551537.1,5,Change of Positions
29/07/2020,24113599.1,2,Market Movement
30/07/2020,95539555.48,5,Change of Positions
30/07/2020,915796389.3,21,Market Movement
31/07/2020,286780891.3,6,Change of Positions
31/07/2020,69341547.14,4,Market Movement
03/08/2020,140500000,8,Change of Positions
03/08/2020,754762152.5,16,Market Movement
04/08/2020,132047173.8,4,Change of Positions
04/08/2020,14449638.76,1,Market Movement
05/08/2020,119437911.3,5,Change of Positions
05/08/2020,219260344.3,10,Market Movement
06/08/2020,227396310.1,6,Change of Positions
06/08/2020,15500000,1,Market Movement
07/08/2020,83273208.09,3,Change of Positions
10/08/2020,171858752,4,Change of Positions
11/08/2020,188920157.2,5,Change of Positions
11/08/2020,1464721490,28,Market Movement
12/08/2020,150409778.3,4,Change of Positions
12/08/2020,740657142.6,11,Market Movement
13/08/2020,11000000,1,Change of Positions
13/08/2020,176718935.8,6,Market Movement
14/08/2020,402000000,4,Market Movement
17/08/2020,190247194.8,2,Change of Positions
17/08/2020,13076858.18,1,Market Movement
18/08/2020,23097597.85,1,Change of Positions
19/08/2020,60341238.58,2,Change of Positions
19/08/2020,24721360.93,2,Market Movement
20/08/2020,86487341.77,5,Change of Positions
20/08/2020,84500000,2,Market Movement
21/08/2020,362021879.5,6,Change of Positions
24/08/2020,188565459.6,7,Change of Positions
24/08/2020,901715227.1,16,Market Movement
25/08/2020,121196800.4,5,Change of Positions
25/08/2020,582457694.7,19,Market Movement
26/08/2020,189363771.3,9,Change of Positions
26/08/2020,131500000,2,Market Movement
27/08/2020,55903777.74,2,Change of Positions
27/08/2020,261281890.6,8,Market Movement
28/08/2020,116210076.2,4,Change of Positions
28/08/2020,39500000,2,Market Movement
31/08/2020,109188442.2,5,Change of Positions
31/08/2020,81500000,4,Market Movement
01/09/2020,224120839.2,6,Change of Positions
01/09/2020,104096437.8,4,Market Movement
02/09/2020,345162465.2,11,Change of Positions
02/09/2020,997258985.4,20,Market Movement
03/09/2020,239486963.5,7,Change of Positions
03/09/2020,775034862.1,12,Market Movement
04/09/2020,112822327.3,5,Change of Positions
04/09/2020,72164589.68,2,Market Movement
07/09/2020,105166296.6,3,Change of Positions
07/09/2020,628380423.7,10,Market Movement
08/09/2020,278000000,5,Change of Positions
08/09/2020,100000000,4,Market Movement
09/09/2020,400877388.9,7,Change of Positions
09/09/2020,451112305,13,Market Movement
10/09/2020,150500000,5,Change of Positions
10/09/2020,183613674.5,4,Market Movement
11/09/2020,679683735.4,6,Change of Positions
11/09/2020,236134891.2,8,Market Movement
14/09/2020,233837319,8,Change of Positions
15/09/2020,452521190.7,12,Change of Positions
15/09/2020,108055835.9,1,Market Movement
16/09/2020,273907953.5,4,Change of Positions
16/09/2020,284354200,1,Market Movement
17/09/2020,131000000,8,Change of Positions
17/09/2020,221767313.7,3,Market Movement
18/09/2020,958318135.7,10,Change of Positions
21/09/2020,350271867.3,8,Change of Positions
21/09/2020,781976766.3,18,Market Movement
22/09/2020,125521580.8,3,Change of Positions
22/09/2020,91864532.94,4,Market Movement
23/09/2020,114500000,5,Change of Positions
23/09/2020,162273368.6,7,Market Movement
24/09/2020,176100472.3,7,Change of Positions
24/09/2020,90000000,3,Market Movement
25/09/2020,163000000,4,Change of Positions
25/09/2020,10500000,1,Market Movement
28/09/2020,70494001.71,3,Change of Positions
28/09/2020,876099104.8,16,Market Movement
29/09/2020,122327636.3,6,Change of Positions
30/09/2020,151965835.3,6,Change of Positions
30/09/2020,14500000,1,Market Movement
01/10/2020,89500000,5,Change of Positions
01/10/2020,12763784.89,1,Market Movement
02/10/2020,263311672.6,5,Change of Positions
02/10/2020,54000000,2,Market Movement
05/10/2020,120471787.9,6,Change of Positions
05/10/2020,323915363.7,2,Market Movement
06/10/2020,101097287,4,Change of Positions
06/10/2020,71000000,2,Market Movement
07/10/2020,22500000,1,Change of Positions
07/10/2020,65000000,2,Market Movement
08/10/2020,454122609.4,7,Change of Positions
08/10/2020,112798980,5,Market Movement
09/10/2020,26173802.46,2,Change of Positions
09/10/2020,10500000,1,Market Movement
12/10/2020,87500000,4,Change of Positions
12/10/2020,23500000,2,Market Movement
13/10/2020,222500000,5,Change of Positions
14/10/2020,94000000,6,Change of Positions
14/10/2020,16000000,1,Market Movement
15/10/2020,150000000,7,Change of Positions
15/10/2020,718424885.5,16,Market Movement
16/10/2020,92500000,5,Change of Positions
16/10/2020,631415552.3,12,Market Movement
19/10/2020,24824878.78,2,Change of Positions
19/10/2020,54060144.99,2,Market Movement
20/10/2020,178917442.8,6,Change of Positions
21/10/2020,396265440.4,11,Change of Positions
21/10/2020,118424932,5,Market Movement
22/10/2020,63651425.43,3,Change of Positions
22/10/2020,73809189.76,5,Market Movement
23/10/2020,44500000,3,Change of Positions
23/10/2020,396431404.6,7,Market Movement
26/10/2020,113766858.4,6,Change of Positions
26/10/2020,269916575,8,Market Movement
27/10/2020,184983109.4,11,Change of Positions
27/10/2020,131929344.2,6,Market Movement
28/10/2020,323173616.4,11,Change of Positions
28/10/2020,1102692917,24,Market Movement
29/10/2020,276356459.3,11,Change of Positions
29/10/2020,456251196.2,8,Market Movement
30/10/2020,213064797.4,5,Change of Positions
30/10/2020,28451786.63,2,Market Movement
02/11/2020,108000000,5,Change of Positions
02/11/2020,571993305.9,13,Market Movement
03/11/2020,48518372.93,3,Change of Positions
03/11/2020,839590171.3,17,Market Movement
04/11/2020,194598327.8,5,Change of Positions
04/11/2020,979045943.2,20,Market Movement
05/11/2020,102278785.3,5,Change of Positions
05/11/2020,814215643.8,14,Market Movement
06/11/2020,138047599,7,Change of Positions
06/11/2020,102223720,6,Market Movement
09/11/2020,216913069.1,7,Change of Positions
09/11/2020,4645814360,66,Market Movement
10/11/2020,513776422.8,17,Change of Positions
10/11/2020,1254940450,17,Market Movement
11/11/2020,594500000,14,Change of Positions
11/11/2020,58089000.42,2,Market Movement
12/11/2020,141000000,7,Change of Positions
12/11/2020,172500000,4,Market Movement
13/11/2020,167000000,5,Change of Positions
13/11/2020,30000000,2,Market Movement
16/11/2020,230911665.3,12,Change of Positions
16/11/2020,363020353.2,10,Market Movement
17/11/2020,93926780,6,Change of Positions
18/11/2020,245500000,6,Change of Positions
19/11/2020,144232589.6,5,Change of Positions
20/11/2020,1016138666,7,Change of Positions
20/11/2020,19388013.15,1,Market Movement
23/11/2020,56503319.05,3,Change of Positions
23/11/2020,52500000,2,Market Movement
24/11/2020,85319637.59,4,Change of Positions
24/11/2020,470209018.1,5,Market Movement
25/11/2020,207799411.3,7,Change of Positions
25/11/2020,19500000,1,Market Movement
26/11/2020,246500000,8,Change of Positions
26/11/2020,23000000,1,Market Movement
27/11/2020,187420567,8,Change of Positions
30/11/2020,456989983.3,7,Change of Positions
30/11/2020,22500000,1,Market Movement
01/12/2020,227012624.3,8,Change of Positions
01/12/2020,114195968.3,6,Market Movement
02/12/2020,74500000,5,Change of Positions
03/12/2020,181721545.6,6,Change of Positions
03/12/2020,16500000,1,Market Movement
04/12/2020,110603544.7,2,Change of Positions
04/12/2020,16500000,1,Market Movement
07/12/2020,330118073.9,8,Change of Positions
07/12/2020,212906395,7,Market Movement
08/12/2020,119988147.9,3,Change of Positions
08/12/2020,19500000,1,Market Movement
09/12/2020,354247625.7,6,Change of Positions
09/12/2020,63971462.03,5,Market Movement
10/12/2020,74595749.07,4,Change of Positions
10/12/2020,29840146.24,3,Market Movement
11/12/2020,212837593.8,8,Change of Positions
11/12/2020,181604343.4,7,Market Movement
15/12/2020,474275123.6,8,Change of Positions
16/12/2020,169000000,8,Change of Positions
16/12/2020,845781404.9,15,Market Movement
17/12/2020,591088190.4,17,Change of Positions
17/12/2020,18500000,1,Market Movement
18/12/2020,496915939.3,10,Change of Positions
18/12/2020,38484349.03,3,Market Movement
21/12/2020,461704468.9,15,Change of Positions
21/12/2020,592500000,13,Market Movement
22/12/2020,183448525.2,3,Change of Positions
22/12/2020,101107732.8,4,Market Movement
23/12/2020,82500000,4,Change of Positions
23/12/2020,420697012.3,9,Market Movement
24/12/2020,18000000,1,Change of Positions
28/12/2020,19232343.07,1,Change of Positions
28/12/2020,149052223.8,7,Market Movement
29/12/2020,372907170.2,8,Change of Positions
30/12/2020,94341736.71,4,Change of Positions
30/12/2020,94970212.72,2,Market Movement
31/12/2020,114000000,1,Change of Positions
04/01/2021,157045543.3,10,Change of Positions
04/01/2021,397522847.1,11,Market Movement
05/01/2021,321785347.6,15,Change of Positions
05/01/2021,43000000,1,Market Movement
06/01/2021,599612984.3,8,Change of Positions
06/01/2021,1275825432,22,Market Movement
07/01/2021,169810850.4,6,Change of Positions
08/01/2021,132367346.9,4,Change of Positions
08/01/2021,68000000,2,Market Movement
11/01/2021,119625092.5,3,Change of Positions
11/01/2021,115735418.2,6,Market Movement
12/01/2021,75500000,3,Change of Positions
12/01/2021,326098310.5,9,Market Movement
13/01/2021,176289495.3,9,Change of Positions
13/01/2021,258680420.8,8,Market Movement
14/01/2021,289484328.6,9,Change of Positions
14/01/2021,138671395.6,4,Market Movement
15/01/2021,162584426.3,5,Change of Positions
15/01/2021,70633949.87,4,Market Movement
18/01/2021,15000000,1,Change of Positions
18/01/2021,66892446.06,3,Market Movement
19/01/2021,16000000,1,Change of Positions
20/01/2021,129000000,7,Change of Positions
21/01/2021,41000000,3,Change of Positions
21/01/2021,332649482.3,9,Market Movement
22/01/2021,203767807.2,8,Change of Positions
22/01/2021,12500000,1,Market Movement
25/01/2021,241144503,12,Change of Positions
25/01/2021,427239302.2,9,Market Movement
26/01/2021,243292596.6,7,Change of Positions
26/01/2021,310781279.4,13,Market Movement
27/01/2021,311879643.4,12,Change of Positions
27/01/2021,182500000,3,Market Movement
28/01/2021,106500000,5,Change of Positions
28/01/2021,379801864,9,Market Movement
29/01/2021,361851351.4,8,Change of Positions
29/01/2021,611035460.4,19,Market Movement
01/02/2021,140098973.8,3,Change of Positions
01/02/2021,241633136.1,8,Market Movement
02/02/2021,96945200.93,4,Change of Positions
02/02/2021,411052981,11,Market Movement
03/02/2021,10000000,1,Change of Positions
03/02/2021,101982316.7,6,Market Movement
04/02/2021,256745581.9,3,Change of Positions
04/02/2021,128376125.4,4,Market Movement
05/02/2021,49000000,3,Change of Positions
05/02/2021,319708867.9,12,Market Movement
08/02/2021,109792099.8,4,Change of Positions
08/02/2021,168446433.3,8,Market Movement
09/02/2021,87418043.62,4,Change of Positions
10/02/2021,122659643.8,3,Change of Positions
10/02/2021,69500000,1,Market Movement
11/02/2021,104076438.6,4,Change of Positions
11/02/2021,134500000,6,Market Movement
12/02/2021,182507267.9,6,Change of Positions
12/02/2021,357465691.6,13,Market Movement
15/02/2021,26500000,1,Change of Positions
15/02/2021,703340703.5,20,Market Movement
16/02/2021,44205509.35,2,Change of Positions
16/02/2021,260963444.3,8,Market Movement
17/02/2021,394235329,5,Change of Positions
17/02/2021,47838308.46,2,Market Movement
18/02/2021,164322906.3,4,Change of Positions
18/02/2021,284643834.5,9,Market Movement
19/02/2021,17000000,1,Change of Positions
19/02/2021,392009771.3,12,Market Movement
22/02/2021,354403280.3,5,Change of Positions
22/02/2021,509312288.8,9,Market Movement
23/02/2021,213675409.7,6,Change of Positions
23/02/2021,724276172,17,Market Movement
24/02/2021,172816864.3,6,Change of Positions
24/02/2021,317998455.8,9,Market Movement
25/02/2021,225647239.3,8,Change of Positions
25/02/2021,557942100.1,18,Market Movement
26/02/2021,281578046.4,5,Change of Positions
26/02/2021,765521136.6,15,Market Movement
01/03/2021,72161992.86,3,Change of Positions
01/03/2021,1385231551,31,Market Movement
02/03/2021,570868806.1,10,Change of Positions
02/03/2021,247342786.5,9,Market Movement
03/03/2021,344305567.3,9,Change of Positions
03/03/2021,1006232896,25,Market Movement
04/03/2021,239554761.5,7,Change of Positions
04/03/2021,198500000,5,Market Movement
05/03/2021,343204305.6,8,Change of Positions
05/03/2021,409990199.4,11,Market Movement
08/03/2021,581674616.6,7,Change of Positions
08/03/2021,917481263.9,23,Market Movement
09/03/2021,281000000,7,Change of Positions
09/03/2021,501438455.6,12,Market Movement
10/03/2021,112794651.9,3,Change of Positions
10/03/2021,103488059.2,4,Market Movement
11/03/2021,39653479.82,3,Change of Positions
11/03/2021,623263852.8,17,Market Movement
12/03/2021,710480306.7,8,Change of Positions
12/03/2021,444954512.4,11,Market Movement
15/03/2021,153761745,7,Change of Positions
15/03/2021,264216707.9,10,Market Movement
16/03/2021,628240147.6,18,Change of Positions
16/03/2021,100192101.3,4,Market Movement
17/03/2021,241806500.4,4,Change of Positions
17/03/2021,600715690.5,16,Market Movement
18/03/2021,269917058.4,6,Change of Positions
18/03/2021,221237020.3,8,Market Movement
19/03/2021,207186107.1,7,Change of Positions
19/03/2021,393435485.2,11,Market Movement
22/03/2021,228895055.8,4,Change of Positions
22/03/2021,62940717.76,2,Market Movement
23/03/2021,1206356896,6,Change of Positions
23/03/2021,107500000,4,Market Movement
24/03/2021,132500000,5,Change of Positions
24/03/2021,175000000,3,Market Movement
25/03/2021,181314353.5,5,Change of Positions
25/03/2021,142353923.1,4,Market Movement
26/03/2021,442825236.4,12,Market Movement
29/03/2021,99412423.63,5,Change of Positions
29/03/2021,182733703.9,8,Market Movement
30/03/2021,27680776.77,2,Change of Positions
30/03/2021,786623943.3,18,Market Movement
31/03/2021,120437100.2,4,Change of Positions
31/03/2021,23000000,1,Market Movement
01/04/2021,320088625.9,4,Change of Positions
01/04/2021,213121658.4,8,Market Movement
06/04/2021,346630037.3,4,Change of Positions
06/04/2021,208019096,8,Market Movement
07/04/2021,69859811.51,4,Change of Positions
08/04/2021,18500000,1,Change of Positions
08/04/2021,52000000,2,Market Movement
09/04/2021,120000000,1,Change of Positions
09/04/2021,145349916.7,7,Market Movement
12/04/2021,87500000,2,Market Movement
13/04/2021,127000000,2,Change of Positions
14/04/2021,71464393.18,3,Change of Positions
14/04/2021,22825452.27,2,Market Movement
15/04/2021,69000000,3,Change of Positions
15/04/2021,219982456.1,7,Market Movement
16/04/2021,90546721.17,5,Change of Positions
16/04/2021,147908208,7,Market Movement
19/04/2021,97020980.47,3,Change of Positions
19/04/2021,152807194.8,6,Market Movement
20/04/2021,115353248.7,4,Change of Positions
20/04/2021,447589204.2,7,Market Movement
21/04/2021,248000000,4,Change of Positions
21/04/2021,222755600.9,9,Market Movement
22/04/2021,392150340.4,10,Change of Positions
22/04/2021,214923626.1,8,Market Movement
23/04/2021,108445300.8,5,Change of Positions
26/04/2021,61964106.07,2,Change of Positions
26/04/2021,21500000,1,Market Movement
27/04/2021,11581733.95,1,Change of Positions
27/04/2021,29000000,1,Market Movement
28/04/2021,36454018.23,1,Change of Positions
28/04/2021,441707474.3,10,Market Movement
29/04/2021,102715516.5,4,Change of Positions
29/04/2021,491427832.7,16,Market Movement
30/04/2021,292225873.2,4,Change of Positions
30/04/2021,12000000,1,Market Movement
03/05/2021,190609930.3,7,Change of Positions
03/05/2021,175122589.4,8,Market Movement
04/05/2021,144745611.8,6,Change of Positions
04/05/2021,695802262.7,13,Market Movement
05/05/2021,270958350.7,4,Change of Positions
05/05/2021,442525942.1,16,Market Movement
06/05/2021,35724502.66,3,Change of Positions
06/05/2021,23500000,1,Market Movement
07/05/2021,22000000,1,Change of Positions
07/05/2021,185392886.1,7,Market Movement
10/05/2021,13500000,1,Change of Positions
10/05/2021,30719981.56,1,Market Movement
11/05/2021,59771158.59,4,Change of Positions
11/05/2021,1261926633,24,Market Movement
12/05/2021,388549684.3,7,Change of Positions
12/05/2021,119213731,3,Market Movement
13/05/2021,235417432.3,5,Change of Positions
13/05/2021,691676889.3,9,Market Movement
14/05/2021,88672688.28,4,Change of Positions
14/05/2021,738210880.1,16,Market Movement
17/05/2021,86057811.08,3,Change of Positions
18/05/2021,30000000,2,Change of Positions
18/05/2021,70500000,2,Market Movement
19/05/2021,225986734.4,9,Change of Positions
19/05/2021,910878363.8,18,Market Movement
20/05/2021,185219741,3,Change of Positions
20/05/2021,286692329.8,10,Market Movement
21/05/2021,60000000,4,Change of Positions
21/05/2021,355699540.5,9,Market Movement
24/05/2021,15000000,1,Change of Positions
24/05/2021,99781035.05,4,Market Movement
25/05/2021,84615786.04,5,Change of Positions
25/05/2021,54500000,1,Market Movement
26/05/2021,283014392,11,Change of Positions
26/05/2021,266428765.4,9,Market Movement
27/05/2021,37414002.3,3,Change of Positions
27/05/2021,65326856.55,5,Market Movement
28/05/2021,130000000,7,Change of Positions
28/05/2021,222001482.5,9,Market Movement
31/05/2021,87500000,4,Change of Positions
31/05/2021,42500000,1,Market Movement
01/06/2021,56904907.98,3,Change of Positions
01/06/2021,448000000,12,Market Movement
02/06/2021,222717955,8,Change of Positions
02/06/2021,41053504.02,2,Market Movement
03/06/2021,534862189.2,5,Change of Positions
03/06/2021,27539016.99,2,Market Movement
04/06/2021,309403317.7,5,Change of Positions
04/06/2021,92182718.49,4,Market Movement
07/06/2021,124223797.3,4,Change of Positions
07/06/2021,14800197.34,1,Market Movement
08/06/2021,94357823.02,4,Change of Positions
08/06/2021,226500000,7,Market Movement
09/06/2021,311430504.3,7,Change of Positions
09/06/2021,171890323.9,7,Market Movement
10/06/2021,168500000,3,Change of Positions
11/06/2021,258938144.3,6,Change of Positions
11/06/2021,316152489.3,12,Market Movement
14/06/2021,120135402.9,5,Change of Positions
14/06/2021,15000000,1,Market Movement
15/06/2021,303863561.3,8,Change of Positions
15/06/2021,42500000,2,Market Movement
16/06/2021,159644836.7,5,Change of Positions
17/06/2021,172186819.9,7,Change of Positions
17/06/2021,327871875.9,9,Market Movement
18/06/2021,609629349.5,11,Change of Positions
18/06/2021,358523869.6,4,Market Movement
21/06/2021,545319779.7,7,Change of Positions
21/06/2021,324829472.9,10,Market Movement
22/06/2021,121069446.8,1,Change of Positions
22/06/2021,49065116.53,4,Market Movement
23/06/2021,163714500.9,6,Change of Positions
23/06/2021,103500000,2,Market Movement
24/06/2021,23229222.52,2,Change of Positions
24/06/2021,347506265.1,9,Market Movement
25/06/2021,46297071.13,3,Change of Positions
25/06/2021,187981704.1,7,Market Movement
28/06/2021,84552476.91,2,Change of Positions
28/06/2021,67915197.31,4,Market Movement
29/06/2021,103014804.8,6,Change of Positions
29/06/2021,41000000,2,Market Movement
30/06/2021,299360484.7,9,Change of Positions
30/06/2021,364372433.5,8,Market Movement
01/07/2021,81012285.43,3,Change of Positions
01/07/2021,362927128.9,9,Market Movement
02/07/2021,184181975.8,5,Change of Positions
02/07/2021,180012771.7,9,Market Movement
05/07/2021,117500000,2,Change of Positions
05/07/2021,79042060.72,5,Market Movement
06/07/2021,101944754.2,5,Change of Positions
06/07/2021,595376583.9,17,Market Movement
07/07/2021,136047586.8,6,Change of Positions
07/07/2021,349505874.4,13,Market Movement
08/07/2021,87109224.53,5,Change of Positions
08/07/2021,999260651.2,26,Market Movement
09/07/2021,250725501.8,4,Change of Positions
09/07/2021,331082538.7,14,Market Movement
12/07/2021,88171447.86,5,Change of Positions
12/07/2021,177686466.4,5,Market Movement
13/07/2021,106500000,4,Change of Positions
13/07/2021,11500000,1,Market Movement
14/07/2021,186937690.5,4,Change of Positions
14/07/2021,59076299.84,5,Market Movement
15/07/2021,31359640.95,2,Change of Positions
15/07/2021,75000000,2,Market Movement
16/07/2021,19911879.34,1,Change of Positions
16/07/2021,77000000,4,Market Movement
19/07/2021,421228029.9,13,Change of Positions
19/07/2021,812322709.5,19,Market Movement
20/07/2021,98015923.57,4,Change of Positions
20/07/2021,319759023.4,12,Market Movement
21/07/2021,54500000,2,Change of Positions
21/07/2021,325867424,16,Market Movement
22/07/2021,10500000,1,Change of Positions
22/07/2021,334069002.1,10,Market Movement
23/07/2021,135055196.7,3,Change of Positions
23/07/2021,270979932.6,10,Market Movement
26/07/2021,68875854.42,2,Change of Positions
26/07/2021,374000000,6,Market Movement
27/07/2021,35000000,1,Change of Positions
27/07/2021,360000000,4,Market Movement
28/07/2021,38112983.82,2,Change of Positions
28/07/2021,323370204.1,7,Market Movement
29/07/2021,151485387,5,Change of Positions
29/07/2021,194453837.6,4,Market Movement
30/07/2021,53797914.39,2,Change of Positions
30/07/2021,96000000,1,Market Movement
02/08/2021,21874474.17,1,Change of Positions
02/08/2021,200907285.9,7,Market Movement
03/08/2021,15565839.29,1,Change of Positions
03/08/2021,31500000,2,Market Movement
04/08/2021,164075541.7,7,Market Movement
05/08/2021,121316455.7,5,Change of Positions
05/08/2021,190500000,6,Market Movement
06/08/2021,5577911.298,1,Change of Positions
06/08/2021,467594895.6,16,Market Movement
09/08/2021,60879687.1,2,Change of Positions
09/08/2021,40500000,2,Market Movement
10/08/2021,26500000,1,Change of Positions
11/08/2021,72849889.06,2,Change of Positions
11/08/2021,25500000,2,Market Movement
12/08/2021,54519124.29,1,Change of Positions
12/08/2021,58370730.05,3,Market Movement
13/08/2021,56624309.39,3,Change of Positions
16/08/2021,92500000,1,Market Movement
17/08/2021,162257969.6,5,Change of Positions
17/08/2021,134500000,2,Market Movement
19/08/2021,63969904.24,5,Change of Positions
19/08/2021,829947332.4,11,Market Movement
20/08/2021,10000000,1,Change of Positions
20/08/2021,44126467.31,2,Market Movement
23/08/2021,43000000,2,Change of Positions
23/08/2021,114259375,8,Market Movement
24/08/2021,25500000,1,Change of Positions
24/08/2021,118000000,2,Market Movement
25/08/2021,36650988.41,2,Change of Positions
25/08/2021,729085360.5,27,Market Movement
26/08/2021,23500000,2,Change of Positions
27/08/2021,30000000,2,Change of Positions
27/08/2021,71508035.03,2,Market Movement
30/08/2021,22168629.78,2,Change of Positions
30/08/2021,26692653.16,1,Market Movement
31/08/2021,95313925.98,4,Change of Positions
31/08/2021,322726544.2,12,Market Movement
01/09/2021,122500000,4,Change of Positions
01/09/2021,396848420,13,Market Movement
02/09/2021,418036299.2,5,Change of Positions
02/09/2021,58000000,4,Market Movement
03/09/2021,229105121.3,6,Change of Positions
03/09/2021,425197439.4,7,Market Movement
06/09/2021,311240454.5,5,Change of Positions
06/09/2021,113000000,3,Market Movement
07/09/2021,144500000,2,Change of Positions
07/09/2021,308025329.2,15,Market Movement
08/09/2021,270665426.6,5,Change of Positions
08/09/2021,288569036.9,6,Market Movement
09/09/2021,485910542.3,8,Change of Positions
09/09/2021,269101402.3,9,Market Movement
10/09/2021,14000000,1,Change of Positions
10/09/2021,93000000,3,Market Movement
13/09/2021,632386474.9,13,Change of Positions
13/09/2021,103000000,4,Market Movement
14/09/2021,606455899.8,11,Change of Positions
14/09/2021,116458476.5,7,Market Movement
15/09/2021,159214479,6,Change of Positions
15/09/2021,186352127.5,7,Market Movement
16/09/2021,272706933.8,9,Change of Positions
16/09/2021,145531567.2,8,Market Movement
17/09/2021,493000848.9,9,Change of Positions
17/09/2021,438035879.1,11,Market Movement
20/09/2021,245398087.3,7,Change of Positions
20/09/2021,977000000,21,Market Movement
21/09/2021,188435934.6,5,Change of Positions
21/09/2021,288305440.3,7,Market Movement
22/09/2021,40715107.85,3,Change of Positions
22/09/2021,398310512.4,9,Market Movement
23/09/2021,87412291.93,6,Change of Positions
23/09/2021,982130064.6,25,Market Movement
24/09/2021,35525965.55,3,Change of Positions
24/09/2021,591059202.7,23,Market Movement
27/09/2021,248872969.7,3,Change of Positions
27/09/2021,416307278.7,9,Market Movement
28/09/2021,31683507.45,1,Change of Positions
28/09/2021,814008047.5,19,Market Movement
29/09/2021,250402780.2,5,Change of Positions
29/09/2021,354000000,9,Market Movement
30/09/2021,144681751.4,7,Change of Positions
30/09/2021,180102549.7,7,Market Movement
01/10/2021,82482758.62,3,Change of Positions
01/10/2021,611500000,12,Market Movement
04/10/2021,309806634.6,9,Change of Positions
05/10/2021,122756766.1,2,Change of Positions
05/10/2021,666054042.4,9,Market Movement
06/10/2021,209957633,10,Change of Positions
06/10/2021,1129101715,18,Market Movement
07/10/2021,255628092,5,Change of Positions
07/10/2021,474876055.8,12,Market Movement
08/10/2021,50500000,4,Change of Positions
08/10/2021,281420018.8,9,Market Movement
11/10/2021,215000000,5,Change of Positions
11/10/2021,108848442.9,6,Market Movement
12/10/2021,150576244.9,7,Change of Positions
12/10/2021,101500000,1,Market Movement
13/10/2021,427954679.1,7,Change of Positions
13/10/2021,1082951689,27,Market Movement
14/10/2021,349256766.1,8,Change of Positions
14/10/2021,864363040.9,24,Market Movement
15/10/2021,232343044.3,4,Change of Positions
15/10/2021,265752456.5,4,Market Movement
18/10/2021,299247328.5,5,Change of Positions
18/10/2021,428344200.2,15,Market Movement
19/10/2021,103012012,5,Change of Positions
19/10/2021,458996406.4,11,Market Movement
21/10/2021,15000000,1,Change of Positions
21/10/2021,63410191.79,3,Market Movement
22/10/2021,178300515.9,3,Change of Positions
22/10/2021,217543422.2,6,Market Movement
25/10/2021,43477074.89,2,Change of Positions
25/10/2021,30500000,2,Market Movement
26/10/2021,34000000,2,Change of Positions
26/10/2021,253500000,6,Market Movement
27/10/2021,64500000,4,Change of Positions
27/10/2021,948084274.4,30,Market Movement
28/10/2021,10351073.92,1,Change of Positions
28/10/2021,521042780.9,16,Market Movement
29/10/2021,230935165.3,6,Change of Positions
29/10/2021,732220327.8,21,Market Movement
01/11/2021,177141734.3,6,Change of Positions
01/11/2021,555758784.6,34,Market Movement
02/11/2021,130000000,3,Change of Positions
02/11/2021,1266754700,31,Market Movement
03/11/2021,78206771.46,4,Change of Positions
03/11/2021,156000000,5,Market Movement
04/11/2021,164989368.1,8,Change of Positions
04/11/2021,783269087,20,Market Movement
05/11/2021,35000000,2,Change of Positions
05/11/2021,422779099.5,19,Market Movement
08/11/2021,67000000,3,Change of Positions
08/11/2021,241805293.9,7,Market Movement
09/11/2021,149002332.2,4,Change of Positions
09/11/2021,382636952.6,15,Market Movement
